scope,weighting,a,b,a_less_pct,ties_pct,a_greater_pct,a_auc
India,weight,Brahmin,Brahmin,49.935076384791344,0.12984723041767884,49.93507638479099,0.4999999999999983
India,weight,Brahmin,Forward/General,46.173851563278625,0.060076649180639895,53.766071787540746,0.5379611011213107
India,weight,Brahmin,OBC,37.143226077360644,0.04829639665719282,62.80847752598218,0.6283262572431078
India,weight,Brahmin,SC,35.08020674463294,0.04114144816296382,64.87865180720411,0.6489922253128558
India,weight,Brahmin,ST,30.227392780634432,0.028318223078664693,69.74428899628691,0.6975844810782624
India,weight,Brahmin,Others,46.3574560365977,0.04796204288971582,53.59458192051258,0.5361856294195745
India,weight,Forward/General,Brahmin,53.766071787541605,0.060076649180641824,46.17385156327774,0.46203889887868066
India,weight,Forward/General,Forward/General,49.95774613742355,0.0845077251540612,49.95774613742239,0.49999999999999417
India,weight,Forward/General,OBC,40.49269745122339,0.055840587303958994,59.45146196147264,0.5947938225512462
India,weight,Forward/General,SC,38.380920174419884,0.049035469348791404,61.570044356231314,0.6159456209090571
India,weight,Forward/General,ST,32.90191343954817,0.034398034358790915,67.06368852609303,0.6708088754327243
India,weight,Forward/General,Others,50.10034577800594,0.054927771593589705,49.844726450400465,0.49872190336197264
India,weight,OBC,Brahmin,62.80847752598344,0.04829639665719521,37.14322607735936,0.3716737427568796
India,weight,OBC,Forward/General,59.451461961473974,0.05584058730396023,40.492697451222064,0.40520617744874043
India,weight,OBC,OBC,49.96912773326193,0.06174453347742282,49.96912773326064,0.49999999999999356
India,weight,OBC,SC,48.16237195484704,0.04465812934668909,51.79296991580627,0.5181529898047961
India,weight,OBC,ST,41.43395394565677,0.03290540583393342,58.533140648509296,0.5854959335142627
India,weight,OBC,Others,59.318551764674275,0.049348120836951524,40.632100114488765,0.4065677417490724
India,weight,SC,Brahmin,64.87865180720497,0.04114144816296587,35.08020674463206,0.3510077746871354
India,weight,SC,Forward/General,61.57004435623222,0.049035469348792785,38.380920174418975,0.3840543790909337
India,weight,SC,OBC,51.7929699158072,0.04465812934668944,48.16237195484611,0.4818470101951945
India,weight,SC,SC,49.96778475871575,0.06443048256912867,49.96778475871511,0.4999999999999968
India,weight,SC,ST,42.684510056322964,0.031984758375990345,57.283505185301046,0.5729949756448903
India,weight,SC,Others,61.43820948782124,0.04561907087241579,38.516171441306334,0.38538980976742543
India,weight,ST,Brahmin,69.74428899628695,0.028318223078664932,30.227392780634375,0.30241551892173707
India,weight,ST,Forward/General,67.06368852609322,0.034398034358790644,32.90191343954799,0.32919112456727384
India,weight,ST,OBC,58.533140648509665,0.032905405833932456,41.4339539456564,0.4145040664857336
India,weight,ST,SC,57.28350518530125,0.031984758375989485,42.68451005632276,0.42700502435510757
India,weight,ST,ST,49.958642023636315,0.08271595272727457,49.9586420236364,0.5000000000000003
India,weight,ST,Others,66.6787364690345,0.03189858233722271,33.28936494862826,0.3330531423979687
India,weight,Others,Brahmin,53.59458192051272,0.04796204288971535,46.35745603659756,0.4638143705804242
India,weight,Others,Forward/General,49.844726450401055,0.05492777159358881,50.10034577800535,0.5012780966380215
India,weight,Others,OBC,40.6321001144898,0.049348120836949116,59.31855176467325,0.5934322582509173
India,weight,Others,SC,38.51617144130702,0.04561907087241338,61.43820948782057,0.6146101902325678
India,weight,Others,ST,33.28936494862824,0.031898582337222384,66.67873646903453,0.6669468576020314
India,weight,Others,Others,49.802206294720264,0.3955874105594702,49.80220629472028,0.5000000000000001
India,person_weight,Brahmin,Brahmin,49.93333755655377,0.13332488689208685,49.93333755655415,0.5000000000000019
India,person_weight,Brahmin,Forward/General,48.05847491646007,0.037694752873005645,51.90383033066692,0.5192267770710343
India,person_weight,Brahmin,OBC,38.52354424114024,0.03056626199236497,61.4458894968674,0.6146117262786358
India,person_weight,Brahmin,SC,36.78634401059755,0.027134878302597705,63.18652111109986,0.6320008855025115
India,person_weight,Brahmin,ST,30.814303824565748,0.018727373560329157,69.16696880187394,0.6917633248865409
India,person_weight,Brahmin,Others,47.60875708465376,0.03326977640577097,52.35797313894047,0.5237460802714335
India,person_weight,Forward/General,Brahmin,51.903830330666466,0.03769475287300533,48.05847491646054,0.4807732229289704
India,person_weight,Forward/General,Forward/General,49.96800122360513,0.0639975527892349,49.96800122360565,0.5000000000000027
India,person_weight,Forward/General,OBC,40.068609262221116,0.035214545884690904,59.8961761918942,0.5991378346483655
India,person_weight,Forward/General,SC,38.29952777543533,0.03236214708585232,61.66811007747882,0.6168429115102175
India,person_weight,Forward/General,ST,31.8502202518953,0.02186744368740356,68.12791230441731,0.68138846026261
India,person_weight,Forward/General,Others,49.49837435053638,0.038681647756673605,50.46294400170696,0.5048228482558529
India,person_weight,OBC,Brahmin,61.44588949686782,0.030566261992366877,38.52354424113982,0.38538827372136003
India,person_weight,OBC,Forward/General,59.89617619189451,0.03521454588469306,40.068609262220804,0.40086216535163144
India,person_weight,OBC,OBC,49.97746725582903,0.045065488342552855,49.977467255828415,0.49999999999999695
India,person_weight,OBC,SC,48.55052699300007,0.029126228978289464,51.42034677802164,0.5143490989251078
India,person_weight,OBC,ST,40.613885149935044,0.020639745529803983,59.36547510453515,0.5937579497730004
India,person_weight,OBC,Others,59.10966340801592,0.03293004229609976,40.85740654968798,0.4087387157083603
India,person_weight,SC,Brahmin,63.186521111099395,0.027134878302597337,36.78634401059801,0.367999114497493
India,person_weight,SC,Forward/General,61.668110077478325,0.032362147085851785,38.29952777543581,0.3831570884897874
India,person_weight,SC,OBC,51.42034677802163,0.029126228978287545,48.55052699300008,0.48565090107489217
India,person_weight,SC,SC,49.973788326361856,0.0524233472757855,49.973788326362346,0.5000000000000023
India,person_weight,SC,ST,41.47011445078179,0.02017336077219994,58.509712188445995,0.585197988688321
India,person_weight,SC,Others,60.85209746835528,0.03096824305504315,39.11693428858967,0.39132418410117187
India,person_weight,ST,Brahmin,69.16696880187399,0.018727373560329337,30.81430382456569,0.3082366751134586
India,person_weight,ST,Forward/General,68.1279123044173,0.021867443687403613,31.8502202518953,0.31861153973739004
India,person_weight,ST,OBC,59.365475104535435,0.020639745529803164,40.61388514993477,0.40624205022699666
India,person_weight,ST,SC,58.509712188445896,0.020173360772200433,41.470114450781914,0.41480201131168015
India,person_weight,ST,ST,49.96292180829913,0.07415638340184594,49.962921808299015,0.4999999999999994
India,person_weight,ST,Others,67.06935087758337,0.019376466899797568,32.91127265551682,0.3292096088896672
India,person_weight,Others,Brahmin,52.35797313894033,0.03326977640577157,47.608757084653895,0.47625391972856784
India,person_weight,Others,Forward/General,50.462944001706724,0.038681647756674126,49.498374350536594,0.49517715174414934
India,person_weight,Others,OBC,40.85740654968847,0.032930042296098555,59.10966340801542,0.5912612842916347
India,person_weight,Others,SC,39.116934288589334,0.030968243055044278,60.85209746835562,0.6086758158988315
India,person_weight,Others,ST,32.911272655516946,0.019376466899797527,67.06935087758326,0.6707903911103316
India,person_weight,Others,Others,49.80953576784161,0.38092846431685695,49.80953576784153,0.49999999999999956
Rural India,weight,Brahmin,Brahmin,49.905714693764835,0.18857061247035115,49.90571469376481,0.49999999999999983
Rural India,weight,Brahmin,Forward/General,49.026902801492554,0.023014645335001926,50.950082553172436,0.5096158987583994
Rural India,weight,Brahmin,OBC,42.240048721346255,0.019894633678492625,57.74005664497523,0.5775000396181448
Rural India,weight,Brahmin,SC,41.174646482745416,0.01810138993712488,58.807252127317454,0.5881630282228602
Rural India,weight,Brahmin,ST,37.384143076523365,0.017751654485647146,62.59810526899099,0.6260698109623382
Rural India,weight,Brahmin,Others,54.882907761084375,0.011274196128648793,45.10581804278697,0.451114551408513
Rural India,weight,Forward/General,Brahmin,50.950082553172635,0.02301464533500199,49.026902801492355,0.4903841012415986
Rural India,weight,Forward/General,Forward/General,49.96606132457977,0.06787735084079945,49.96606132457943,0.4999999999999982
Rural India,weight,Forward/General,OBC,42.956506286850995,0.02532810982547363,57.01816560332353,0.5703082965823627
Rural India,weight,Forward/General,SC,41.87415852265718,0.025198925835525233,58.100642551507285,0.5811324201442505
Rural India,weight,Forward/General,ST,37.889079958151775,0.02314585230973548,62.08777418953849,0.6209934711569336
Rural India,weight,Forward/General,Others,55.787562762096,0.017612078773438688,44.19482515913055,0.44203631198517274
Rural India,weight,OBC,Brahmin,57.7400566449755,0.01989463367849298,42.240048721346,0.4224999603818525
Rural India,weight,OBC,Forward/General,57.01816560332389,0.02532810982547373,42.95650628685063,0.4296917034176337
Rural India,weight,OBC,OBC,49.97738269331226,0.045234613375897174,49.97738269331183,0.49999999999999784
Rural India,weight,OBC,SC,49.2357551622207,0.025195620759140717,50.73904921702015,0.5075164702739972
Rural India,weight,OBC,ST,44.487728854409404,0.023577953481340067,55.48869319210924,0.5550048216884991
Rural India,weight,OBC,Others,62.038833296999464,0.019130596017092178,37.94203610698343,0.37951601404991975
Rural India,weight,SC,Brahmin,58.807252127317476,0.018101389937124814,41.174646482745395,0.4118369717771395
Rural India,weight,SC,Forward/General,58.10064255150738,0.025198925835525368,41.87415852265708,0.41886757985574846
Rural India,weight,SC,OBC,50.73904921702035,0.02519562075914064,49.2357551622205,0.4924835297260007
Rural India,weight,SC,SC,49.96908968796953,0.061820624060906854,49.96908968796956,0.5000000000000001
Rural India,weight,SC,ST,44.86335014982459,0.023923224907896862,55.11272662526751,0.5512468823772146
Rural India,weight,SC,Others,63.23537996799244,0.020374380769138917,36.74424565123841,0.36754432841622975
Rural India,weight,ST,Brahmin,62.59810526899109,0.017751654485647365,37.384143076523245,0.3739301890376607
Rural India,weight,ST,Forward/General,62.087774189538656,0.023145852309735728,37.88907995815159,0.37900652884306457
Rural India,weight,ST,OBC,55.488693192109515,0.023577953481340175,44.48772885440914,0.4449951783114981
Rural India,weight,ST,SC,55.112726625267584,0.023923224907896886,44.86335014982452,0.4487531176227847
Rural India,weight,ST,ST,49.95396441340067,0.09207117319876465,49.953964413400556,0.49999999999999933
Rural India,weight,ST,Others,66.21493837784114,0.0215238911566993,33.76353773100215,0.337742996765805
Rural India,weight,Others,Brahmin,45.105818042786986,0.011274196128648911,54.882907761084375,0.548885448591487
Rural India,weight,Others,Forward/General,44.1948251591308,0.01761207877343885,55.78756276209577,0.5579636880148249
Rural India,weight,Others,OBC,37.94203610698367,0.019130596017092022,62.03883329699924,0.6204839859500779
Rural India,weight,Others,SC,36.74424565123841,0.02037438076913899,63.23537996799244,0.6324556715837701
Rural India,weight,Others,ST,33.76353773100226,0.021523891156699056,66.21493837784105,0.662257003234194
Rural India,weight,Others,Others,49.64495915996739,0.7100816800652154,49.64495915996739,0.5
Rural India,person_weight,Brahmin,Brahmin,49.88234499474182,0.23531001051635725,49.8823449947418,0.4999999999999998
Rural India,person_weight,Brahmin,Forward/General,50.77895796045897,0.012957931822074989,49.20808410771895,0.4921456307362999
Rural India,person_weight,Brahmin,OBC,42.96481484174971,0.011061500888529533,57.02412365736175,0.5702965440780601
Rural India,person_weight,Brahmin,SC,41.99755330061304,0.011218752560105013,57.99122794682684,0.579968373231069
Rural India,person_weight,Brahmin,ST,37.04792041001917,0.012128478089862883,62.939951111890956,0.6294601535093589
Rural India,person_weight,Brahmin,Others,55.35525448341129,0.007621349279690057,44.63712416730901,0.44640934841948854
Rural India,person_weight,Forward/General,Brahmin,49.20808410771894,0.012957931822074898,50.778957960458996,0.5078543692637003
Rural India,person_weight,Forward/General,Forward/General,49.97072034795684,0.05855930408628156,49.97072034795688,0.5000000000000002
Rural India,person_weight,Forward/General,OBC,41.90473161910717,0.013708027175977487,58.08156035371685,0.5808841436730484
Rural India,person_weight,Forward/General,SC,40.90374552613874,0.014527355969643288,59.081727117891624,0.5908899079587645
Rural India,person_weight,Forward/General,ST,35.87849785488438,0.013383527669285277,64.10811861744634,0.6411481038128098
Rural India,person_weight,Forward/General,Others,54.558895510620445,0.011774909320351752,45.42932958005921,0.4543521703471939
Rural India,person_weight,OBC,Brahmin,57.02412365736175,0.011061500888529181,42.964814841749714,0.4297034559219398
Rural India,person_weight,OBC,Forward/General,58.08156035371683,0.01370802717597748,41.90473161910718,0.4191158563269517
Rural India,person_weight,OBC,OBC,49.980680069167185,0.038639861665630715,49.980680069167185,0.5
Rural India,person_weight,OBC,SC,49.4056919348608,0.01502840460302073,50.57927966053617,0.5058679386283768
Rural India,person_weight,OBC,ST,43.356612944843896,0.014304688020816669,56.629082367135275,0.5663623471114568
Rural India,person_weight,OBC,Others,61.63295145195398,0.012113513518135837,38.35493503452788,0.3836099179128694
Rural India,person_weight,SC,Brahmin,57.99122794682696,0.011218752560105284,41.997553300612935,0.4200316267689299
Rural India,person_weight,SC,Forward/General,59.081727117891724,0.01452735596964348,40.90374552613864,0.4091100920412346
Rural India,person_weight,SC,OBC,50.57927966053627,0.015028404603020915,49.40569193486071,0.49413206137162224
Rural India,person_weight,SC,SC,49.972217921895115,0.05556415620993502,49.97221792189496,0.4999999999999992
Rural India,person_weight,SC,ST,43.52270470390357,0.014406223274971599,56.46288907282147,0.5647009218445895
Rural India,person_weight,SC,Others,62.65869132636508,0.013417975210703866,37.32789069842423,0.3733459968602958
Rural India,person_weight,ST,Brahmin,62.939951111890814,0.012128478089862713,37.047920410019316,0.37053984649064253
Rural India,person_weight,ST,Forward/General,64.10811861744618,0.013383527669285267,35.878497854884536,0.35885189618719177
Rural India,person_weight,ST,OBC,56.629082367135176,0.014304688020816664,43.356612944843995,0.43363765288854406
Rural India,person_weight,ST,SC,56.46288907282142,0.014406223274971406,43.52270470390359,0.4352990781554108
Rural India,person_weight,ST,ST,49.957955142222346,0.08408971555515413,49.95795514222249,0.5000000000000007
Rural India,person_weight,ST,Others,66.62920119991644,0.012004575379434803,33.358794224704106,0.3336479651239382
Rural India,person_weight,Others,Brahmin,44.63712416730902,0.007621349279689945,55.3552544834113,0.5535906515805115
Rural India,person_weight,Others,Forward/General,45.42932958005919,0.01177490932035197,54.55889551062045,0.5456478296528063
Rural India,person_weight,Others,OBC,38.354935034527855,0.012113513518135813,61.632951451954,0.6163900820871306
Rural India,person_weight,Others,SC,37.32789069842434,0.013417975210703505,62.65869132636496,0.6266540031397031
Rural India,person_weight,Others,ST,33.35879422470393,0.012004575379434848,66.62920119991664,0.6663520348760635
Rural India,person_weight,Others,Others,49.65646682784879,0.6870663443024196,49.656466827848796,0.5
Bihar,weight,Brahmin,Brahmin,48.76704882446019,2.465902351079606,48.76704882446022,0.5000000000000002
Bihar,weight,Brahmin,Forward/General,41.686894624716615,0.03604006390123879,58.27706531138216,0.5829508534333278
Bihar,weight,Brahmin,OBC,37.9985107178227,0.048337651047198144,61.95315163113011,0.6197732045665371
Bihar,weight,Brahmin,SC,31.582472143740098,0.011352449850110503,68.4061754064098,0.6841185163133486
Bihar,weight,Brahmin,ST,30.591721270498766,0.08559323495109523,69.32268549455014,0.6936548211202569
Bihar,weight,Forward/General,Brahmin,58.277065311382195,0.03604006390123889,41.68689462471659,0.4170491465666721
Bihar,weight,Forward/General,Forward/General,49.58234027971947,0.8353194405611337,49.58234027971941,0.4999999999999998
Bihar,weight,Forward/General,OBC,46.9322016882746,0.022668859135841744,53.04512945258957,0.5305646388215749
Bihar,weight,Forward/General,SC,40.09878062621339,0.04462228841811112,59.85659708536851,0.5987890822957757
Bihar,weight,Forward/General,ST,38.13849917811819,0.1114301591883908,61.750070662693446,0.6180578574228764
Bihar,weight,OBC,Brahmin,61.9531516311303,0.04833765104719891,37.998510717822484,0.3802267954334609
Bihar,weight,OBC,Forward/General,53.0451294525897,0.02266885913584183,46.932201688274446,0.46943536117842366
Bihar,weight,OBC,OBC,49.8846849331535,0.23063013369313498,49.884684933153345,0.4999999999999991
Bihar,weight,OBC,SC,42.23407713932532,0.04451064995396657,57.7214122107207,0.5774366753569768
Bihar,weight,OBC,ST,40.23665113948668,0.062284076451958374,59.70106478406135,0.5973220682228734
Bihar,weight,SC,Brahmin,68.4061754064097,0.011352449850110458,31.58247214374019,0.3158814836866525
Bihar,weight,SC,Forward/General,59.85659708536842,0.04462228841811098,40.09878062621346,0.4012109177042251
Bihar,weight,SC,OBC,57.72141221072067,0.04451064995396624,42.23407713932537,0.42256332464302354
Bihar,weight,SC,SC,49.722781042033745,0.5544379159323992,49.722781042033866,0.5000000000000007
Bihar,weight,SC,ST,47.18654176674348,0.0744051459187855,52.73905308733773,0.5277625566029712
Bihar,weight,ST,Brahmin,69.32268549455016,0.0855932349510952,30.591721270498766,0.30634517887974316
Bihar,weight,ST,Forward/General,61.75007066269346,0.11143015918839096,38.138499178118174,0.38194214257712367
Bihar,weight,ST,OBC,59.70106478406143,0.06228407645195841,40.23665113948664,0.4026779317771262
Bihar,weight,ST,SC,52.73905308733768,0.07440514591878568,47.18654176674356,0.4722374433970295
Bihar,weight,ST,ST,47.31549719762562,5.369005604748799,47.31549719762561,0.5000000000000001
Bihar,person_weight,Brahmin,Brahmin,48.28142159577688,3.437156808446272,48.28142159577686,0.5
Bihar,person_weight,Brahmin,Forward/General,42.08587750781157,0.015852668521072835,57.89826982366737,0.579061961579279
Bihar,person_weight,Brahmin,OBC,36.99710392507713,0.023941987315575564,62.9789540876073,0.6299092508126508
Bihar,person_weight,Brahmin,SC,30.039268208609442,0.001826709672575488,69.95890508171799,0.6995981843655427
Bihar,person_weight,Brahmin,ST,30.207303284872612,0.013033213404384665,69.77966350172301,0.697861801084252
Bihar,person_weight,Forward/General,Brahmin,57.89826982366743,0.015852668521072946,42.08587750781152,0.4209380384207206
Bihar,person_weight,Forward/General,Forward/General,49.513735208689546,0.972529582621009,49.513735208689475,0.4999999999999998
Bihar,person_weight,Forward/General,OBC,45.49901081485986,0.015060302231176924,54.485928882908986,0.5449345903402457
Bihar,person_weight,Forward/General,SC,38.17738959122337,0.034220124601187375,61.78839028417546,0.6180550034647606
Bihar,person_weight,Forward/General,ST,38.15389533766626,0.09403216446218442,61.752072497871566,0.6179908858010266
Bihar,person_weight,OBC,Brahmin,62.9789540876075,0.02394198731557612,36.997103925076935,0.37009074918734725
Bihar,person_weight,OBC,Forward/General,54.48592888290915,0.015060302231177094,45.49901081485967,0.4550654096597526
Bihar,person_weight,OBC,OBC,49.880517379194146,0.2389652416119583,49.880517379193904,0.4999999999999988
Bihar,person_weight,OBC,SC,41.89673906955199,0.02867357832250436,58.074587352125505,0.5808892414128676
Bihar,person_weight,OBC,ST,41.79906341006891,0.04228060430311637,58.15865598562797,0.5817979628777953
Bihar,person_weight,SC,Brahmin,69.95890508171796,0.0018267096725755002,30.03926820860945,0.3004018156344574
Bihar,person_weight,SC,Forward/General,61.788390284175456,0.0342201246011874,38.17738959122335,0.3819449965352395
Bihar,person_weight,SC,OBC,58.074587352125576,0.028673578322504372,41.89673906955191,0.41911075858713165
Bihar,person_weight,SC,SC,49.70870563489774,0.5825887302044915,49.70870563489777,0.5000000000000001
Bihar,person_weight,SC,ST,49.20717495821893,0.043030917309503175,50.749794124471556,0.5077130958312631
Bihar,person_weight,ST,Brahmin,69.77966350172305,0.013033213404384675,30.207303284872587,0.30213819891574784
Bihar,person_weight,ST,Forward/General,61.7520724978716,0.09403216446218436,38.153895337666235,0.38200911419897327
Bihar,person_weight,ST,OBC,58.15865598562808,0.04228060430311606,41.79906341006881,0.41820203712220366
Bihar,person_weight,ST,SC,50.74979412447158,0.04303091730950315,49.207174958218936,0.4922869041687369
Bihar,person_weight,ST,ST,47.099186501875764,5.801626996248502,47.09918650187574,0.4999999999999999
